{
    "version": "0.2.0",
    "configurations": [
        {
            "name": "python (current file)",
            "type": "debugpy",
            "request": "launch",
            "program": "${file}",
            "console": "integratedTerminal",
            "justMyCode": false
        },
        {
            "name": "docs",
            "type": "debugpy",
            "request": "launch",
            "module": "mkdocs",
            "justMyCode": false,
            "args": [
                "serve",
                "-v"
            ]
        },
        {
            "name": "test",
            "type": "debugpy",
            "request": "launch",
            "module": "pytest",
            "justMyCode": false,
            "args": [
                "-c=config/pytest.ini",
                "-vvv",
                "--no-cov",
                "--dist=no",
                "tests",
                "-k=${input:tests_selection}"
            ]
        }
    ],
    "inputs": [
        {
            "id": "tests_selection",
            "type": "promptString",
            "description": "Tests selection",
            "default": ""
        }
    ]
}